Name,Mobile No,Email,Loan ID,Loan Amount,Due Date,DPD,Branch,Tags
Test Borrower 001,9000100001,,LN-0001,"₹5,250",02/02/2026,7,Mumbai,
Test Borrower 002,9000100002,,LN-0002,Rs. 5500,03/03/2026,14,Delhi,
Test Borrower 003,9000100003,borrower003@example.com,LN-0003,5750.50,04/04/2026,21,Jaipur,
Test Borrower 004,9000100004,,LN-0004,6000,05/05/2026,28,Indore,
Test Borrower 005,9000100005,,LN-0005,"₹6,250",06/06/2026,35,Pune,
Test Borrower 006,9000100006,borrower006@example.com,LN-0006,Rs. 6500,07/07/2026,42,Mumbai,
Test Borrower 007,9000100007,,LN-0007,6750.50,08/08/2026,49,Delhi,
Test Borrower 008,9000100008,,LN-0008,7000,09/09/2026,56,Jaipur,
Test Borrower 009,9000100009,borrower009@example.com,LN-0009,"₹7,250",10/10/2026,63,Indore,
Test Borrower 010,9000100010,,LN-0010,Rs. 7500,11/11/2026,70,Pune,vip
Test Borrower 011,9000100011,,LN-0011,7750.50,12/12/2026,77,Mumbai,
Test Borrower 012,9000100012,borrower012@example.com,LN-0012,8000,13/01/2026,84,Delhi,
Test Borrower 013,9000100013,,LN-0013,"₹8,250",14/02/2026,1,Jaipur,
Test Borrower 014,9000100014,,LN-0014,Rs. 8500,15/03/2026,8,Indore,
Test Borrower 015,9000100015,borrower015@example.com,LN-0015,8750.50,16/04/2026,15,Pune,
Test Borrower 016,9000100016,,LN-0016,9000,17/05/2026,22,Mumbai,
Test Borrower 017,9000100017,,LN-0017,"₹9,250",18/06/2026,29,Delhi,
Test Borrower 018,9000100018,borrower018@example.com,LN-0018,Rs. 9500,19/07/2026,36,Jaipur,
Test Borrower 019,9000100019,,LN-0019,9750.50,20/08/2026,43,Indore,
Test Borrower 020,9000100020,,LN-0020,10000,21/09/2026,50,Pune,vip
Test Borrower 021,9000100021,borrower021@example.com,LN-0021,"₹10,250",22/10/2026,57,Mumbai,
Test Borrower 022,9000100022,,LN-0022,Rs. 10500,23/11/2026,64,Delhi,
Test Borrower 023,9000100023,,LN-0023,10750.50,24/12/2026,71,Jaipur,
Test Borrower 024,9000100024,borrower024@example.com,LN-0024,11000,25/01/2026,78,Indore,
Test Borrower 025,9000100025,,LN-0025,"₹11,250",26/02/2026,85,Pune,
Test Borrower 026,9000100026,,LN-0026,Rs. 11500,27/03/2026,2,Mumbai,
Test Borrower 027,9000100027,borrower027@example.com,LN-0027,11750.50,28/04/2026,9,Delhi,
Test Borrower 028,9000100028,,LN-0028,12000,01/05/2026,16,Jaipur,
Test Borrower 029,9000100029,,LN-0029,"₹12,250",02/06/2026,23,Indore,
Test Borrower 030,9000100030,borrower030@example.com,LN-0030,Rs. 12500,03/07/2026,30,Pune,vip
Test Borrower 031,9000100031,,LN-0031,12750.50,04/08/2026,37,Mumbai,
Test Borrower 032,9000100032,,LN-0032,13000,05/09/2026,44,Delhi,
Test Borrower 033,9000100033,borrower033@example.com,LN-0033,"₹13,250",06/10/2026,51,Jaipur,
Test Borrower 034,9000100034,,LN-0034,Rs. 13500,07/11/2026,58,Indore,
Test Borrower 035,9000100035,,LN-0035,13750.50,08/12/2026,65,Pune,
Test Borrower 036,9000100036,borrower036@example.com,LN-0036,14000,09/01/2026,72,Mumbai,
Test Borrower 037,9000100037,,LN-0037,"₹14,250",10/02/2026,79,Delhi,
Test Borrower 038,9000100038,,LN-0038,Rs. 14500,11/03/2026,86,Jaipur,
Test Borrower 039,9000100039,borrower039@example.com,LN-0039,14750.50,12/04/2026,3,Indore,
Test Borrower 040,9000100040,,LN-0040,15000,13/05/2026,10,Pune,vip
Test Borrower 041,9000100041,,LN-0041,"₹15,250",14/06/2026,17,Mumbai,
Test Borrower 042,9000100042,borrower042@example.com,LN-0042,Rs. 15500,15/07/2026,24,Delhi,
Test Borrower 043,9000100043,,LN-0043,15750.50,16/08/2026,31,Jaipur,
Test Borrower 044,9000100044,,LN-0044,16000,17/09/2026,38,Indore,
Test Borrower 045,9000100045,borrower045@example.com,LN-0045,"₹16,250",18/10/2026,45,Pune,
Test Borrower 046,9000100046,,LN-0046,Rs. 16500,19/11/2026,52,Mumbai,
Test Borrower 047,9000100047,,LN-0047,16750.50,20/12/2026,59,Delhi,
Test Borrower 048,9000100048,borrower048@example.com,LN-0048,17000,21/01/2026,66,Jaipur,
Test Borrower 049,9000100049,,LN-0049,"₹17,250",22/02/2026,73,Indore,
Test Borrower 050,9000100050,,LN-0050,Rs. 17500,23/03/2026,80,Pune,vip
Test Borrower 051,9000100051,borrower051@example.com,LN-0051,17750.50,24/04/2026,87,Mumbai,
Test Borrower 052,9000100052,,LN-0052,18000,25/05/2026,4,Delhi,
Test Borrower 053,9000100053,,LN-0053,"₹18,250",26/06/2026,11,Jaipur,
Test Borrower 054,9000100054,borrower054@example.com,LN-0054,Rs. 18500,27/07/2026,18,Indore,
Test Borrower 055,9000100055,,LN-0055,18750.50,28/08/2026,25,Pune,
Test Borrower 056,9000100056,,LN-0056,19000,01/09/2026,32,Mumbai,
Test Borrower 057,9000100057,borrower057@example.com,LN-0057,"₹19,250",02/10/2026,39,Delhi,
Test Borrower 058,9000100058,,LN-0058,Rs. 19500,03/11/2026,46,Jaipur,
Test Borrower 059,9000100059,,LN-0059,19750.50,04/12/2026,53,Indore,
Test Borrower 060,9000100060,borrower060@example.com,LN-0060,20000,05/01/2026,60,Pune,vip
Test Borrower 061,9000100061,,LN-0061,"₹20,250",06/02/2026,67,Mumbai,
Test Borrower 062,9000100062,,LN-0062,Rs. 20500,07/03/2026,74,Delhi,
Test Borrower 063,9000100063,borrower063@example.com,LN-0063,20750.50,08/04/2026,81,Jaipur,
Test Borrower 064,9000100064,,LN-0064,21000,09/05/2026,88,Indore,
Test Borrower 065,9000100065,,LN-0065,"₹21,250",10/06/2026,5,Pune,
Test Borrower 066,9000100066,borrower066@example.com,LN-0066,Rs. 21500,11/07/2026,12,Mumbai,
Test Borrower 067,9000100067,,LN-0067,21750.50,12/08/2026,19,Delhi,
Test Borrower 068,9000100068,,LN-0068,22000,13/09/2026,26,Jaipur,
Test Borrower 069,9000100069,borrower069@example.com,LN-0069,"₹22,250",14/10/2026,33,Indore,
Test Borrower 070,9000100070,,LN-0070,Rs. 22500,15/11/2026,40,Pune,vip
Test Borrower 071,9000100071,,LN-0071,22750.50,16/12/2026,47,Mumbai,
Test Borrower 072,9000100072,borrower072@example.com,LN-0072,23000,17/01/2026,54,Delhi,
Test Borrower 073,9000100073,,LN-0073,"₹23,250",18/02/2026,61,Jaipur,
Test Borrower 074,9000100074,,LN-0074,Rs. 23500,19/03/2026,68,Indore,
Test Borrower 075,9000100075,borrower075@example.com,LN-0075,23750.50,20/04/2026,75,Pune,
Test Borrower 076,9000100076,,LN-0076,24000,21/05/2026,82,Mumbai,
Test Borrower 077,9000100077,,LN-0077,"₹24,250",22/06/2026,89,Delhi,
Test Borrower 078,9000100078,borrower078@example.com,LN-0078,Rs. 24500,23/07/2026,6,Jaipur,
Test Borrower 079,9000100079,,LN-0079,24750.50,24/08/2026,13,Indore,
Test Borrower 080,9000100080,,LN-0080,25000,25/09/2026,20,Pune,vip
Test Borrower 081,9000100081,borrower081@example.com,LN-0081,"₹25,250",26/10/2026,27,Mumbai,
Test Borrower 082,9000100082,,LN-0082,Rs. 25500,27/11/2026,34,Delhi,
Test Borrower 083,9000100083,,LN-0083,25750.50,28/12/2026,41,Jaipur,
Test Borrower 084,9000100084,borrower084@example.com,LN-0084,26000,01/01/2026,48,Indore,
Test Borrower 085,9000100085,,LN-0085,"₹26,250",02/02/2026,55,Pune,
Test Borrower 086,09000100086,,LN-0086,Rs. 26500,03/03/2026,62,Mumbai,
Test Borrower 087,09000100087,borrower087@example.com,LN-0087,26750.50,04/04/2026,69,Delhi,
Test Borrower 088,+919000100088,,LN-0088,27000,05/05/2026,76,Jaipur,
Test Borrower 089,+919000100089,,LN-0089,"₹27,250",06/06/2026,83,Indore,
Test Borrower 090,12345,borrower090@example.com,LN-0090,Rs. 27500,07/07/2026,0,Pune,vip
Test Borrower 091,9.00011E+09,,LN-0091,27750.50,08/08/2026,7,Mumbai,
Test Borrower 092,call later,,LN-0092,28000,09/09/2026,14,Delhi,
Test Borrower 093,,borrower093@example.com,LN-0093,"₹28,250",10/10/2026,21,Jaipur,
Test Borrower 094,+91 12345,,LN-0094,Rs. 28500,11/11/2026,28,Indore,
Test Borrower 095,9000200001,,LN-0095,,12/12/2026,35,Pune,
Test Borrower 096,9000200002,borrower096@example.com,LN-0096,,13/01/2026,42,Mumbai,
Test Borrower 097,9000200003,,LN-0097,,14/02/2026,49,Delhi,
Test Borrower 098,+91 90001-00001,,LN-0098,Rs. 29500,15/03/2026,56,Jaipur,
Test Borrower 099,+91 90001-00002,borrower099@example.com,LN-0099,29750.50,16/04/2026,63,Indore,
Test Borrower 100,+91 90001-00003,,LN-0100,30000,17/05/2026,70,Pune,vip
